State,City,Location,Station code,Type,Category of ES,No. of mon. days (n),Min,Max,NO2 Annual average (µg/m3),10 percentile,90 percentile,Std. Dev.,Percentage- exceedence(24 hourly),Air Quality
Andhra Pradesh,Chitoor,GNC Toll Gate Tirumala,582,RIRuO,NA,103,6,10,9,9,9,0,0,Low
Andhra Pradesh,Guntur,"Near Hindu College, Market Road",583,RIRuO,NA,105,10,20,11,2,10,14,0,Low
Andhra Pradesh,Hydrabad,"Tarnaka, NEERI Lab. IICT Campus",150,RIRuO,NA,88,5,44,36,32,42,9,0,Moderate
Andhra Pradesh,Hydrabad,"Nacharam, Industrial Estate",151,RIRuO,NA,87,6,44,37,34,42,8,0,Moderate
Andhra Pradesh,Hydrabad,ABIDS Circle General Post Office,152,RIRuO,NA,88,5,47,37,33,41,7,0,Moderate
Andhra Pradesh,Hydrabad,Balanagar,95,RIRuO,NA,108,18,54,29,21,41,8,0,Moderate
Andhra Pradesh,Hydrabad,"Uppal, Modern Foods & Industries IDA",203,RIRuO,NA,108,19,50,28,21,39,8,0,Moderate
Andhra Pradesh,Hydrabad,Jublee Hills,365,RIRuO,NA,109,11,37,19,14,27,5,0,Low
Andhra Pradesh,Hydrabad,Paradise,393,RIRuO,NA,107,13,47,24,17,35,7,0,Moderate
Andhra Pradesh,Hydrabad,Charminar,394,RIRuO,NA,106,16,43,25,20,32,5,0,Moderate
Andhra Pradesh,Hydrabad,Zoo Park,470,RIRuO,NA,108,10,53,15,12,17,5,0,Low
Andhra Pradesh,Hydrabad,"Jeedimetla Industrial Estate, Rangareddy Distt.",745,RIRuO,NA,95,20,53,28,22,35,7,0,Moderate
Andhra Pradesh,Kakinada,Office Building Ramanayyapeta,578,RIRuO,NA,Null,Null,Null,Null,Null,Null,Null,Null,Null
Andhra Pradesh,Kothagudem,"CER Club, Khamam",581,RIRuO,NA,90,9,23,11,10,14,3,0,Low
Andhra Pradesh,Kurnool,Mourya Inn,466,RIRuO,NA,102,9,9,9,9,9,0,0,Low
Andhra Pradesh,Nalgonda,AP PCB Nalgonda,577,RIRuO,NA,108,5,18,15,14,17,2,0,Low
Andhra Pradesh,Nellore,"Venkatareddy nagar, Vedayapalem ",580,RIRuO,NA,102,10,26,11,10,16,3,0,Low
Andhra Pradesh,Patencheru,"Police Station, Medak, Ramachadrapuram",468,RIRuO,NA,108,18,25,22,21,24,1,0,Moderate
Andhra Pradesh,Ramagundam ,"Godavarikhani, Ramagundam, Karimnagar",465,RIRuO,NA,81,5,49,11,5,18,7,0,Low
Andhra Pradesh,Tirupati,"Regional Science Centre, Chittoor Bypass",389,RIRuO,NA,103,6,9,9,9,9,0,0,Low
Andhra Pradesh,Vijaywada,Benz Circle,462,RIRuO,NA,115,10,22,12,11,15,2,0,Low
Andhra Pradesh,Vijaywada,Autonagar,469,RIRuO,NA,106,11,30,12,11,13,3,0,Low
Andhra Pradesh,Warangal,"KUDA Office, Hanumakonda",579,RIRuO,NA,101,5,29,11,5,18,5,0,Low
Andhra Pradesh,Vishakhapatnam,"Panchayat Raj office, Mindi",234,RIRuO,NA,107,9,30,11,9,19,5,0,Low
Andhra Pradesh,Vishakhapatnam,"Industrial Estate, Marripalem",233,RIRuO,NA,107,9,38,13,9,23,6,0,Low
Andhra Pradesh,Vishakhapatnam,Police Barracks,371,RIRuO,NA,108,9,52,19,9,32,10,0,Low
Andhra Pradesh,Vishakhapatnam,"INS-Virabahu, Naval Area",387,RIRuO,NA,108,9,32,12,9,19,5,0,Low
Andhra Pradesh,Vishakhapatnam,Seethammadhara,388,RIRuO,NA,108,9,76,16,9,25,10,0,Low
Andhra Pradesh,Vishakhapatnam,Ganapuram Area,467,RIRuO,NA,108,9,74,15,9,27,9,0,Low
Andhra Pradesh,Vishakhapatnam,"Pedagantyada, Gajuwada",584,RIRuO,NA,108,9,31,11,9,15,4,0,Low
Andhra Pradesh,Vishakhapatnam,"CWMP, RAMKY, Parawada",585,RIRuO,NA,98,9,24,10,9,13,3,0,Low
Assam,Bongaigaon,"Oil India Ltd. PS-6, Chirang",542,RIRuO,NA,103,7,29,13,11,15,3,0,Low
Assam,Bongaigaon,Barpara Office Building,520,RIRuO,NA,100,5,28,15,12,18,3,0,Low
Assam,Daranga,"BATAD,  Baska ",566,RIRuO,NA,80,10,19,13,11,16,2,0,Low
Assam,Dibrugarh,Dibrugarh Office Building,538,RIRuO,NA,102,7,21,13,11,15,2,0,Low
Assam,Golaghat,Golaghat Office Building,539,ES,Numaligarh ,93,6,21,14,11,17,3,0,Low
Assam,Guwahati,"Head Office, Bamunimaidam",193,RIRuO,NA,260,8,24,15,12,17,2,0,Low
Assam,Guwahati,"Boragaon, IASST, Kamrup",603,RIRuO,NA,103,8,22,14,11,17,2,0,Low
Assam,Guwahati,"Guwahati University, Kamrup",602,RIRuO,NA,124,8,23,13,12,15,2,0,Low
Assam,Guwahati,"ITI Building, Gopinath Nagar",519,RIRuO,NA,263,6,23,15,12,19,3,0,Low
Assam,Guwahati,"Khanapara, Central Dairy, Kamrup",596,RIRuO,NA,246,7,20,13,11,16,2,0,Low
Assam,Guwahati,"Near Pragjyotish College, Santipur",541,RIRuO,NA,259,7,23,14,12,16,2,0,Low
Assam,Margherita,Coal India Office,586,RIRuO,NA,96,9,21,15,12,16,2,0,Low
Assam,Lakhimpur,"Bazar Patti, North Lakhimpur Town",587,RIRuO,NA,103,11,22,2,14,12,16,0,Low
Assam,Nagaon,"Water Resources Div., Christian Patty",595,RIRuO,NA,94,11,23,13,12,15,1,0,Low
Assam,Nalbari,PWD Rural Div Office Complex,597,RIRuO,NA,104,9,23,15,12,18,2,0,Low
Assam,Sibsagar,Sibasagar Office Building,537,RIRuO,NA,103,13,27,16,14,19,3,0,Low
Assam,Sibsagar,"Usha Lodge, near ONGCL Colony",604,RIRuO,NA,101,9,25,13,3,11,16,0,Low
Assam,Silchar,Janiganj Govt. Boys HS School campus,607,RIRuO,NA,94,9,21,15,13,18,2,0,Low
Assam,Silchar,"RLO, Ithkola Market, Ghaniwala Road",567,RIRuO,NA,91,8,20,14,11,18,3,0,Low
Assam,Tezpur,Tezpur Office Building,536,RIRuO,NA,102,2,22,9,13,12,15,0,Low
Assam,Tinsukia,"Digboi Carbon factory Campus, Borguri",594,RIRuO,NA,97,10,15,12,10,13,1,0,Low
Assam,Tinsukia,"Shreepuria, Borguri",605,RIRuO,NA,95,10,19,13,11,15,2,0,Low
Bihar,Patna,"Beltron Bhawan, Shastri Nagar",210,RIRuO,NA,108,5,111,25,10,43,17,2,Moderate
Bihar,Patna,Gandhi Maidan Test Centre,284,RIRuO,NA,83,12,142,47,22,80,27,10,High
Chandigarh,Chandigarh,"Modern Foods, Industrial Area",106,RIRuO,NA,93,7,52,22,13,34,9,0,Moderate
Chandigarh,Chandigarh,Sector-17 C,263,RIRuO,NA,106,7,47,20,13,30,7,0,Low
Chandigarh,Chandigarh,"Punjab Engineering College, Sector- 12",264,RIRuO,NA,104,6,45,19,10,30,8,0,Low
Chandigarh,Chandigarh,"Sector-39, IMTECH",463,RIRuO,NA,102,7,35,18,10,26,6,0,Low
Chandigarh,Chandigarh,Kaimbwala Village,464,RIRuO,NA,98,5,40,17,10,28,7,0,Low
Chattisgarh,Bhillai,"Visak Hostel, Sector-4",65,RIRuO,NA,88,17,46,22,20,23,3,0,Moderate
Chattisgarh,Bhillai,"R.O., 5/32 Banglow Office Building",67,RIRuO,NA,90,13,23,15,14,17,2,0,Low
Chattisgarh,Bhillai, M.P. Laghu Udyog Nigam,245,RIRuO,NA,92,20,33,31,29,32,2,0,Moderate
Chattisgarh,Bilaspur,"Regional Office, CECB Vyapar Vihar",669,RIRuO,NA,71,12,31,20,14,26,5,0,Low
Chattisgarh,Korba,"HIG 21,22.Near Ghantaghar, MP Extension",364,RIRuO,NA,87,18,21,19,18,20,1,0,Low
Chattisgarh,Korba,"Pragati Nagar NTPC Colony, Jamnipali",249,RIRuO,NA,92,17,20,19,18,20,1,0,Low
Chattisgarh,Korba,"I.T.I., Rampur",407,RIRuO,NA,85,18,22,20,19,21,1,0,Low
Chattisgarh,Raipur,"New HIG-9, Hirapur",368,RIRuO,NA,16,37,44,40,37,43,2,0,Null
Chattisgarh,Raipur,"M/S Wool Worth India, Sarora ",223,RIRuO,NA,62,34,48,42,39,46,3,0,High
Chattisgarh,Raipur,"Yatayat Thana, Jai Stambh Chowk",447,RIRuO,NA,19,31,41,37,34,39,2,0,Null
Dadra & Nagar Haveli,Silvassa,"Khadoli Industrial Area, Khadoli",558,RIRuO,NA,75,18,25,20,19,22,1,0,Low
Daman & Diu,Daman,"Kadaiya Industrial Area, Kadaiya",560,RIRuO,NA,76,18,23,20,22,22,1,0,Low
Delhi,Delhi,"N.Y. School, Sarojini Nagar, Delhi",144,RIRuO,NA,96,20,159,78,43,114,29,50,Critical
Delhi,Delhi,"Town Hall, Ayurvedic Dispensary, Chandni Chowk, Delhi",146,RIRuO,NA,96,27,189,87,50,122,30,60,Critical
Delhi,Delhi,"Mayapuri Industrial Area, Delhi",345,RIRuO,NA,96,23,133,80,48,116,26,50,Critical
Delhi,Delhi,Pritampura,531,RIRuO,NA,77,34,71,44,38,51,6,0,High
Delhi,Delhi,Shahadra,58,RIRuO,NA,78,45,67,56,49,62,5,0,High
Delhi,Delhi,Shahzada Bagh,57,RIRuO,NA,77,37,75,53,45,63,8,0,High
Delhi,Delhi,Nizamuddin,55,RIRuO,NA,76,26,59,42,33,51,7,0,High
Delhi,Delhi,Janakpuri,59,RIRuO,NA,68,31,70,44,36,53,7,0,High
Delhi,Delhi,Siri Fort,60,RIRuO,NA,78,26,84,48,38,56,9,1,High
Goa,Panaji,"Old GSPCB premises, Patto",327,RIRuO,NA,102,5,45,14,6,22,7,0,Low
Goa,Marmagao,"Fire Brigade Station, Port Trust",435,RIRuO,NA,34,10,41,19,11,27,7,0,Null
Goa,Vasco,"Fuse Call Office, Mormugao",37,RIRuO,NA,34,9,34,20,14,27,6,0,Null
Goa,Curchorem,"Curchorem, Sanvordem, Quepem",628,RIRuO,NA,104,16,28,20,17,25,3,0,Low
Goa,Codli,"Codli Tisk, Ponda",630,RIRuO,NA,105,14,32,21,16,29,5,0,Moderate
Goa,Honda,"Honda Junction, Sattari",631,ES,Sahyadri,104,15,32,21,16,30,5,0,Moderate
Goa,Bicholim,Bicholim Taluk,632,RIRuO,NA,103,14,27,18,15,22,3,0,Low
Goa,Amona,"Amona, Bicholim",633,RIRuO,NA,103,8,17,12,9,16,3,0,Low
Goa,Assanora,"Assanora Junction, Bardez Taluka",634,RIRuO,NA,105,8,16,12,9,15,2,0,Low
Goa,Usgao,"Usgao Plae, Junction, Ponda",629,RIRuO,NA,103,12,25,18,14,23,3,0,Low
Goa,Margao,Margao Town,774,RIRuO,NA,103,11,24,17,13,21,3,0,Low
Goa,Tilamol ,"Quepem, Tilamol",778,RIRuO,NA,105,15,27,20,17,24,3,0,Low
Goa,Mapusa,Mapusa town,775,RIRuO,NA,101,6,14,9,7,11,2,0,Low
Goa,Sanguem,"Near Railway Station at Kalem, Sanguem",777,RIRuO,NA,92,16,27,19,16,23,2,0,Low
Goa,Ponda ,Ponda Town,776,RIRuO,NA,103,10,24,16,13,20,3,0,Low
Goa,Kundaim,Kundaim Industrial Estate ,780,RIRuO,NA,59,12,23,16,13,20,3,0,Low
Gujarat,Ahmedabad,"Naroda, G.I.D.C., Ahmadabad",101,RIRuO,NA,34,24,42,33,27,37,4,0,Null
Gujarat,Ahmedabad,Cadilla Bridge Narol,102,RIRuO,NA,44,18,37,25,20,29,4,0,Null
Gujarat,Ahmedabad,L.D. Engg. College,103,RIRuO,NA,44,12,21,16,13,20,3,0,Null
Gujarat,Ahmedabad,"Shardaben Hospital, Saraspur",154,RIRuO,NA,44,18,32,23,19,27,4,0,Null
Gujarat,Ahmedabad,"R.C. Technical High School, Mirzapur",155,RIRuO,NA,44,16,31,22,17,27,4,0,Null
Gujarat,Ahmedabad,"Naroda, G.I.D.C.",347,RIRuO,NA,44,18,35,24,20,27,3,0,Null
Gujarat,Anklesvar,Rallis India Ltd. ,252,RIRuO,NA,44,25,44,29,26,32,3,0,Null
Gujarat,Anklesvar,"Durga Traders, Bhavanafarm Society",253,RIRuO,NA,44,23,36,25,24,26,2,0,Null
Gujarat,Jamnagar,Fisheries Office,319,RIRuO,NA,44,19,31,25,21,28,3,0,Null
Gujarat,Rajkot,Nr. Sardhara Industrial Corporation,257,RIRuO,NA,44,15,21,19,17,20,1,0,Null
Gujarat,Rajkot,GPCB Regional Offce,374,RIRuO,NA,44,13,19,16,14,18,2,0,Null
Gujarat,Surat,S.V.R. Engg. College,21,RIRuO,NA,62,15,44,23,18,26,4,0,Moderate
Gujarat,Surat,"B.R.C. High School, Udhna",22,RIRuO,NA,62,21,41,29,23,33,4,0,Moderate
Gujarat,Surat,Near Air India Office,23,RIRuO,NA,62,17,32,25,19,28,4,0,Moderate
Gujarat,Vadodara,"GPCB Office, Geri Vasahat",50,RIRuO,NA,44,13,39,19,14,25,5,0,Null
Gujarat,Vadodara,Dandia Bazaar,333,RIRuO,NA,34,26,51,35,30,40,5,0,Null
Gujarat,Vadodara,CETP Nandesari,334,RIRuO,NA,34,33,56,43,37,51,6,0,Null
Gujarat,Vapi,"GEB, IIIrd Phase, GIDC",367,RIRuO,NA,44,27,50,34,29,46,7,0,Null
Gujarat,Vapi,"Vapi Nagar Palika, Vapi",221,RIRuO,NA,44,22,37,26,24,27,3,0,Null
Haryana,Faridabad,"M/s Escorts  Research centre,Mathura Road",331,RIRuO,NA,83,24,77,41,28,63,13,0,High
Haryana,Faridabad,Haryana RO SPCB Sector-16A,330,RIRuO,NA,111,13,85,36,21,53,12,1,Moderate
Haryana,Hissar,Urban Estate - II,390,RIRuO,NA,72,5,9,7,5,9,1,0,Low
Haryana,Hissar,Guru Jambehswar University,414,RIRuO,NA,40,8,11,9,8,11,1,0,Null
Himachal Pradesh,Baddi,Industry Department Office Building,449,RIRuO,NA,117,7,41,21,7,12,31,0,Moderate
Himachal Pradesh,Baddi,AHC barotiwala,564,RIRuO,NA,106,7,45,21,8,13,30,0,Moderate
Himachal Pradesh,Baddi,Housing Board,563,RIRuO,NA,70,6,55,26,9,16,34,0,Moderate
Himachal Pradesh,Damtal,Regional Office,268,RIRuO,NA,143,5,252,12,7,13,20,1,Low
Himachal Pradesh,Damtal,Old Road,271,RIRuO,NA,134,5,41,13,8,17,5,0,Low
Himachal Pradesh,Kala Amb,Kala Amb Industrial Area,461,RIRuO,NA,103,14,18,16,15,17,1,0,Low
Himachal Pradesh,Kala Amb,Kala Amb Town/Trilokpur,530,RIRuO,NA,102,13,52,15,13,16,4,0,Low
Himachal Pradesh,Nalagarh,Municipal Council ,565,RIRuO,NA,82,6,46,23,12,34,8,0,Moderate
Himachal Pradesh,Parwanoo,"Regional Office, Sector- 4",132,RIRuO,NA,153,5,16,7,5,11,3,0,Low
Himachal Pradesh,Parwanoo,Asst. Commissioner Building Sector I,339,RIRuO,NA,147,5,16,8,5,12,3,0,Low
Himachal Pradesh,Paonta Sahib, Paonta Sahib,117,RIRuO,NA,140,13,29,15,2,14,16,0,Low
Himachal Pradesh,Paonta Sahib,Gondhpur Industrial Area,118,RIRuO,NA,127,12,18,16,1,14,17,0,Low
Himachal Pradesh,Shimla,Tekka Bench Ridge,34,ES,Hill station,125,3,21,10,6,13,3,0,Low
Himachal Pradesh,Shimla,"Bus Stand, Winterfield",35,ES,Hill station,121,4,35,14,9,19,5,0,Low
Himachal Pradesh,Una,"Regional Office, Una",667,RIRuO,NA,Null,Null,Null,Null,Null,Null,Null,Null,Null
Himachal Pradesh,Una,"DIC Building, Mehatpur, Una",668,RIRuO,NA,Null,Null,Null,Null,Null,Null,Null,Null,Null
Himachal Pradesh,Sunder Nagar,"HPSPCB, BBMB Colony, Mandi",665,RIRuO,NA,105,5,21,9,5,14,4,0,Low
Himachal Pradesh,Sunder Nagar,"Muncipal Council, NH-21, Mandi",666,RIRuO,NA,23,5,23,13,7,19,5,0,Null
Himachal Pradesh,Manali,"Nehru Park, Manali, District Kullu",670,ES,Hill station,104,5,36,13,7,20,6,0,Low
Himachal Pradesh,Manali,"HPSPCB, Hadimba Road, Manali, Kullu",671,ES,Hill station,77,5,36,10,5,16,6,0,Low
Jammu & Kashmir,Jammu,"Regional Office, Jammu",184,RIRuO,NA,77,2,22,10,2,16,5,0,Low
Jammu & Kashmir,Jammu,"M.A. Stadium, Jewel Chowk",482,RIRuO,NA,59,2,25,12,5,19,5,0,Low
Jammu & Kashmir,Jammu,Bari Brahamana Industrial Area,507,RIRuO,NA,66,5,30,15,8,20,5,0,Low
Jharkhand,Dhanbad,R.O. Dhanbad,44,RIRuO,NA,102,26,46,39,35,43,4,0,Moderate
Jharkhand,Dhanbad,"EMTI, Bastacola",612,RIRuO,NA,70,28,49,41,34,45,0,0,High
Jharkhand,Dhanbad,"CGM Office, Kusunda",611,RIRuO,NA,84,21,47,39,34,44,4,0,Moderate
Jharkhand,Jamshedpur,Bistupur Vehical Testing Centre,351,RIRuO,NA,94,37,57,48,41,54,5,0,High
Jharkhand,Jamshedpur,Golmuri Vehicle Testing Centre,382,RIRuO,NA,94,35,57,49,41,54,5,0,High
Jharkhand,Jharia,M.A.D.A.,332,RIRuO,NA,97,20,49,40,0,44,4,0,Moderate
Jharkhand,Ranchi,"Albert Ekka Chowk, Main Road",402,RIRuO,NA,91,30,51,35,32,37,3,0,Moderate
Jharkhand,Saraikela Kharsawan,"RO Building, Adityapur",614,RIRuO,NA,96,36,63,51,43,58,6,0,High
Jharkhand,Sindri,BIT / PDIL,46,RIRuO,NA,90,28,46,40,35,44,4,0,Moderate
Jharkhand,West Singhbhum,Barajamda U.M. Office,615,RIRuO,NA,86,20,53,27,22,32,5,0,Moderate
Karnataka,Bangalore,"Graphite India, White Field Road",77,RIRuO,NA,79,23,74,31,29,32,5,0,Moderate
Karnataka,Bangalore,Yeshwanthpura police station,457,RIRuO,NA,96,23,41,31,29,32,2,0,Moderate
Karnataka,Bangalore,Peenya Industrial Area,405,RIRuO,NA,89,22,45,30,29,31,3,0,Moderate
Karnataka,Bangalore,"KHB Industrial Area, Yelahanka",404,RIRuO,NA,97,22,33,30,30,31,1,0,Moderate
Karnataka,Bangalore,"AMCO Batteries, Mysore Road",78,RIRuO,NA,106,27,78,31,29,31,5,0,Moderate
Karnataka,Bangalore,"Jnanabharathi, Bangalore University",598,RIRuO,NA,107,15,20,17,16,19,1,0,Low
Karnataka,Bangalore,Victoria hospital,406,RIRuO,NA,93,24,45,30,28,31,2,0,Moderate
Karnataka,Belgaum,Karnataka SPCB Office Building,460,ES,Sahyadri ,92,9,42,19,11,27,7,12,Moderate
Karnataka,Gulburga,Government Hospital,459,RIRuO,NA,68,5,21,11,7,15,3,0,Low
Karnataka,Hassan,KSRTC bus stand building,458,RIRuO,NA,106,16,19,17,17,18,1,0,Low
Karnataka,Hubli-Dharwad,"Lakkamanahalli Industrial Area, Dharwad",432,RIRuO,NA,94,11,18,15,12,17,2,0,Low
Karnataka,Hubli-Dharwad,"Rani Chennamma Circle, Hubli",431,RIRuO,NA,93,11,17,14,12,16,1,0,Low
Karnataka,Mandya,"KSPCB Building, Bandigowda Badarahe",676,RIRuO,NA,78,19,34,24,21,28,3,0,Moderate
Karnataka,Mangalore,Baikampady Industrial Area,488,RIRuO,NA,104,5,15,7,5,9,2,0,Low
Karnataka,Mysore,"K.R.Circle, Visvesvaraya Bldg",40,RIRuO,NA,93,16,28,23,21,25,2,0,Moderate
Karnataka,Mysore,KSPCB Bldg. Hebbal Ind. Area,328,RIRuO,NA,105,18,41,23,21,24,3,0,Moderate
Karnataka,Devanagere,"Mothi Theatre, Gandhi Circle, P.B. Road",674,RIRuO,NA,107,5,255,13,8,15,24,1,Low
Karnataka,Devanagere,"HPF Intakewell,  Kumarapattnam",675,RIRuO,NA,99,5,26,9,6,12,3,0,Low
Karnataka,Devanagere,"Regional Office building, KSPCB",673,RIRuO,NA,83,4,20,7,5,11,3,0,Low
Kerala,Alappuzha,"District Office, Alissery Road",618,RIRuO,NA,120,5,5,5,5,5,0,0,Low
Kerala,Alappuzha,"DC Mills, Pathirappally",617,RIRuO,NA,120,5,5,5,5,5,0,0,Low
Kerala,Kochi,"Eloor I, FACT, Ambalamughal",149,RIRuO,NA,120,5,8,5,5,6,1,0,Low
Kerala,Kochi,Eloor II,29,RIRuO,NA,120,5,9,5,5,6,1,0,Low
Kerala,Kochi,Irumpanam,30,RIRuO,NA,116,5,40,10,5,21,8,0,Low
Kerala,Kochi,Ernakulum South,338,RIRuO,NA,119,5,32,15,5,25,7,0,Low
Kerala,Kochi,VYTTILA,562,RIRuO,NA,115,5,35,12,5,18,6,0,Low
Kerala,Kochi,MG Road Bank Ernakulum,147,RIRuO,NA,118,5,33,15,6,22,6,0,Low
Kerala,Kochi,KALAMASSERY / CSIR Complex,346,RIRuO,NA,119,5,27,11,5,20,6,0,Low
Kerala,Kollam,"KSPCB, District Office, Kadappakada",621,RIRuO,NA,120,10,33,20,26,26,6,0,Low
Kerala,Kollam,KMML Chavara,620,RIRuO,NA,120,11,55,19,12,26,6,0,Low
Kerala,Kottayam,Kottayam,187,RIRuO,NA,120,11,30,17,12,22,4,0,Low
Kerala,Kottayam,Vadavathoor,361,RIRuO,NA,120,11,22,15,12,18,3,0,Low
Kerala,Kozhikode,Kozhikode City,360,RIRuO,NA,120,5,21,8,5,12,3,0,Low
Kerala,Kozhikode,Nallalam,359,RIRuO,NA,120,5,19,8,6,11,2,0,Low
Kerala,Malapuram,"Kakkanchery, Sijmak oils",623,RIRuO,NA,117,5,8,5,5,5,1,0,Low
Kerala,Palakkad,SEPR Refractories India Ltd.,311,RIRuO,NA,113,5,23,7,5,12,4,0,Low
Kerala,Pathanamthitta,"KSPCB, Makkamkunnu",619,RIRuO,NA,120,10,19,15,12,17,2,0,Low
Kerala,Thissur,"KSPCB, District Office, Poonkunnam",624,RIRuO,NA,116,5,37,15,5,8,21,0,Low
Kerala,Wayanad,Sulthan Bathery,622,RIRuO,NA,119,5,27,8,5,19,6,0,Low
Kerala,Thiruvananthapuram,PRS Hospital/COSMO,419,RIRuO,NA,104,12,30,22,18,27,4,0,Moderate
Kerala,Thiruvananthapuram,SMV School,181,RIRuO,NA,106,14,34,23,18,29,5,0,Moderate
Kerala,Thiruvananthapuram,VELI / HiTech Chackai,357,RIRuO,NA,105,15,21,18,16,20,1,0,Low
Kerala,Thiruvananthapuram,PETTAH / Sasthamangalam,358,RIRuO,NA,104,17,29,22,19,25,3,0,Moderate
Madhya Pradesh,Bhopal,"Hamidia Road, MP Hastshilp Vikas Nigam",122,RIRuO,NA,73,6,110,21,10,40,15,1,Moderate
Madhya Pradesh,Bhopal, C E T P Govindpura ,123,RIRuO,NA,74,5,61,20,11,38,12,0,Low
Madhya Pradesh,Bhopal,"Nutan Subhash School,  T.T. Nagar",247,RIRuO,NA,76,5,92,21,8,36,14,1,Moderate
Madhya Pradesh,Dewas,EID Perry (I) Limited,525,RIRuO,NA,67,14,32,22,16,28,5,0,Moderate
Madhya Pradesh,Dewas,Dewas Metal Section,524,RIRuO,NA,70,11,34,23,16,32,6,0,Moderate
Madhya Pradesh,Dewas,Vikas Nagar,523,RIRuO,NA,55,15,36,25,18,32,6,0,Moderate
Madhya Pradesh,Gwalior,Dindayal Nagar,479,RIRuO,NA,19,13,28,25,22,28,4,0,Null
Madhya Pradesh,Gwalior,Maharaj Bada,478,RIRuO,NA,15,26,29,28,27,29,1,0,Null
Madhya Pradesh,Indore,"M.P. Laghu Udyog, Pologround ",127,RIRuO,NA,77,15,39,22,17,28,4,0,Moderate
Madhya Pradesh,Indore,"Kothari Market, M.G. Road",128,RIRuO,NA,93,12,32,20,16,22,3,0,Low
Madhya Pradesh,Indore,"Telephone Nagar, 26 A, Kanadia Road ",131,RIRuO,NA,92,14,24,18,15,15,2,0,Low
Madhya Pradesh,Jabalpur,Vijay Nagar,248,RIRuO,NA,88,15,59,24,21,27,4,0,Moderate
Madhya Pradesh,Nagda,Chem. D. Labour Club,82,RIRuO,NA,61,13,41,20,15,24,4,0,Low
Madhya Pradesh,Nagda,B C I Labour Club,84,RIRuO,NA,85,12,48,31,23,38,7,0,Moderate
Madhya Pradesh,Nagda,Grasim Kalyan Kendra,246,RIRuO,NA,79,23,46,30,25,38,5,0,Moderate
Madhya Pradesh,Sagar,Pt.Deendayal Nagar,532,RIRuO,NA,86,5,21,13,8,16,3,0,Low
Madhya Pradesh,Singrauli,Jayant Township,515,RIRuO,NA,15,24,27,25,25,26,1,0,Null
Madhya Pradesh,Singrauli,"N.T.P.C., Vidyanagar",514,RIRuO,NA,15,24,27,25,24,27,1,0,Null
Madhya Pradesh,Singrauli,Waidhan,516,RIRuO,NA,17,24,26,25,24,26,1,0,Null
Madhya Pradesh,Ujjain,District Office,527,RIRuO,NA,75,11,24,18,15,22,3,0,Low
Madhya Pradesh,Ujjain,Regional Office,526,RIRuO,NA,35,9,12,10,9,10,1,0,Null
Madhya Pradesh,Ujjain,Mahakal Temple,528,RIRuO,NA,70,10,14,12,11,13,1,0,Low
Maharashtra,Dombivali/Ambernath,Dombivali MIDC Phase-II,265,RIRuO,NA,58,51,194,88,58,117,27,62,Critical
Maharashtra,Dombivali/Ambernath,Ambernath Municipal Council Office,445,RIRuO,NA,59,48,173,87,58,131,28,53,Critical
Maharashtra,Amravati,"Apurva Oil Industries, A-23, MIDC",549,RIRuO,NA,98,11,17,13,12,15,1,0,Low
Maharashtra,Amravati,"Elect. Dept., Govt College Engineering",548,RIRuO,NA,83,10,17,13,11,14,1,0,Low
Maharashtra,Amravati,"Rajkamal Square, Vaneeta Samaj",547,RIRuO,NA,91,10,19,14,12,16,1,0,Low
Maharashtra,Aurangabad,S.B.E.S. College ,511,RIRuO,NA,103,22,48,32,25,44,7,0,Moderate
Maharashtra,Aurangabad,Collector Ofiice,512,RIRuO,NA,104,21,61,30,24,39,6,0,Moderate
Maharashtra,Aurangabad,"C.A.D.A. Ofiice, Garkheda",513,RIRuO,NA,105,24,66,34,27,41,7,0,Moderate
Maharashtra,Badlapur,BIWA Office,649,RIRuO,NA,98,34,146,86,58,120,23,59,Critical
Maharashtra,Chandrapur,Grampanchat Ghughus,267,RIRuO,NA,90,6,51,18,8,30,10,0,Low
Maharashtra,Chandrapur,M.I.D.C. Chandrapur,281,RIRuO,NA,102,7,70,22,8,41,14,0,Moderate
Maharashtra,Chandrapur,Nagar Parishad,396,RIRuO,NA,100,7,56,21,8,38,12,0,Moderate
Maharashtra,Chandrapur,"Gadchandur Gram Panchayat, Rajura",640,RIRuO,NA,56,6,48,18,8,31,11,0,Low
Maharashtra,Chandrapur,"MIDC, Tadali",638,RIRuO,NA,88,6,59,15,8,23,8,0,Low
Maharashtra,Chandrapur,"Muncipal Council, Ballarshah",639,RIRuO,NA,86,6,39,18,8,31,9,0,Low
Maharashtra,Jalgaon,B. J. Market,644,RIRuO,NA,103,30,57,43,34,50,6,0,High
Maharashtra,Jalgaon,Girna water tank,645,RIRuO,NA,102,28,47,39,32,44,5,0,Moderate
Maharashtra,Jalgaon,MIDC Jalgaon,646,RIRuO,NA,100,33,58,50,41,56,6,0,High
Maharashtra,Kolhapur,"University Campus, Shivaji University",508,ES,Sahyadri,105,12,20,16,13,19,2,0,Moderate
Maharashtra,Kolhapur,"Ruikar Trust, S.T. Stand",509,ES,Sahyadri,103,22,52,38,28,48,7,0,High
Maharashtra,Kolhapur,"Mahadwar Road, Near Mahalaxmi Temple",510,ES,Sahyadri,104,17,47,32,23,40,6,0,High
Maharashtra,Latur,MIDC Water Works,641,RIRuO,NA,99,6,72,20,12,29,8,0,Low
Maharashtra,Latur,Kshewraj Vidyalaya Shyam nagar,642,RIRuO,NA,104,8,199,19,10,26,19,1,Low
Maharashtra,Latur,Sidhheshwar Sahakari Bank Ganjgolai,643,RIRuO,NA,103,9,49,22,13,31,8,0,Moderate
Maharashtra,Lote,MIDC Chalkewadi,489,RIRuO,NA,18,9,18,14,11,17,3,0,Null
Maharashtra,Lote,"Pump House, CETP",490,RIRuO,NA,18,10,19,14,10,18,3,0,Null
Maharashtra,Mumbai,"Bank of India, Kalbadevi Branch, Kalbadevi",169,RIRuO,NA,81,5,90,21,6,38,17,2,Moderate
Maharashtra,Mumbai,"Parel TT, Ambedkar Road",170,RIRuO,NA,76,5,83,20,6,39,18,1,Low
Maharashtra,Mumbai,Worli,349,RIRuO,NA,75,5,80,19,6,40,16,0,Low
Maharashtra,Nagpur,Institution of Engineers ,287,RIRuO,NA,103,19,116,41,27,55,17,5,High
Maharashtra,Nagpur,"Govt. Polytechnic College, Sadar",314,RIRuO,NA,103,18,83,41,25,61,13,2,High
Maharashtra,Nagpur,MIDC Office Hingana Road,288,RIRuO,NA,101,21,90,43,28,64,14,2,High
Maharashtra,Nagpur,"MIDC Industrial Area, MIDC Office, Hingna",165,RIRuO,NA,97,5,76,18,5,38,14,0,Low
Maharashtra,Nagpur,"Nagpur Coop Building, Maskasath, Itwari",166,RIRuO,NA,91,5,92,23,5,42,18,2,Moderate
Maharashtra,Nagpur,"NEERI Lab, Nehru Marg, Highway No. 7",167,RIRuO,NA,101,5,363,26,5,33,72,3,Moderate
Maharashtra,Nagpur,"MPCB Office Premises, Civil Lines",711,RIRuO,NA,194,16,92,34,24,45,9,1,Moderate
Maharashtra,Nashik,R.T.O. Colony Tank,259,RIRuO,NA,104,22,35,27,23,31,3,0,Moderate
Maharashtra,Nashik,"VIP Industrial Area, MIDC Satpura",269,RIRuO,NA,103,20,36,27,23,31,3,0,Moderate
Maharashtra,Nashik,Nashik Municipal Council Building,280,RIRuO,NA,104,20,35,27,24,31,3,0,Moderate
Maharashtra,Nashik,"MPCB Sub R.O. Udyog Bhawan, Nashik",710,RIRuO,NA,311,21,36,27,23,31,3,0,Moderate
Maharashtra,Navi Mumbai,"T.B.I.A, Rabale Airoli, TTC",491,RIRuO,NA,103,26,89,46,34,58,10,1,High
Maharashtra,Navi Mumbai,"Dr. D.Y. Patil College, Nerul, TTC ",492,RIRuO,NA,105,18,80,40,29,50,9,0,Moderate
Maharashtra,Navi Mumbai,"MPCB Lab, Mhape, TTC ",493,RIRuO,NA,105,22,81,44,32,54,9,1,High
Maharashtra,Navi Mumbai,CIDCO Nodal Office Kharghar,494,RIRuO,NA,103,21,86,41,30,52,9,1,High
Maharashtra,Navi Mumbai,"Water Pump House, Panvel, Taloja",495,RIRuO,NA,107,19,92,41,27,52,11,1,High
Maharashtra,Navi Mumbai,"MIDC Collom Facility Building, Taloja ",496,RIRuO,NA,99,26,64,44,31,56,9,0,High
Maharashtra,Pune,"Maratha Chamber of commerce, Bhosari",312,RIRuO,NA,101,13,84,38,19,58,17,2,Moderate
Maharashtra,Pune,State Electricity Board BLDG Nalstop,379,RIRuO,NA,101,19,92,44,26,66,17,1,High
Maharashtra,Pune,Swargate Police Chawki,381,RIRuO,NA,103,14,114,50,21,80,25,11,High
Maharashtra,Pune,"Bank of Baroda Builing, Near Pimpri-Chinchwad M.C Builiding",708,RIRuO,NA,308,16,128,47,25,74,19,6,High
Maharashtra,Sangli,"Udyog bhavan / SRO, MPCB Sangli",574,RIRuO,NA,105,13,70,37,23,53,12,0,Moderate
Maharashtra,Sangli,Sangli- Miraj Primary school Building,575,RIRuO,NA,105,16,78,41,24,64,15,0,High
Maharashtra,Sangli,Krishna Valley School,576,RIRuO,NA,104,18,80,42,26,61,14,1,High
Maharashtra,Solapur,WIT Campus,299,RIRuO,NA,105,32,47,35,34,37,2,0,Moderate
Maharashtra,Solapur,Voronoko School / Chitale Clinic,300,RIRuO,NA,103,31,44,35,33,37,2,0,Moderate
Maharashtra,Thane,"Maternity Hospital, Dhobighat, Thane East",303,RIRuO,NA,103,11,14,12,11,13,1,0,Low
Maharashtra,Thane,"Shahu Market,Naupada, Thane West",304,RIRuO,NA,112,11,16,13,12,14,1,0,Low
Maharashtra,Thane,"Kolshet and Balkum, Thane West",305,RIRuO,NA,94,9,14,12,10,13,1,0,Low
Maharashtra,Ulhasnagar,Smt. C. H. M. College Campus,647,RIRuO,NA,101,30,158,67,43,91,21,24,Critical
Maharashtra,Ulhasnagar,"Octroi Naka, Pawai-Chowk, Vithalwadi",648,RIRuO,NA,103,41,150,91,60,120,23,70,Critical
Maharashtra,Jalna,"Bachat Bhawan, Near S P Office",706,RIRuO,NA,102,22,58,29,25,33,5,0,Moderate
Maharashtra,Jalna,"Krishidhan Seeds Ltd, MIDC Area",707,RIRuO,NA,97,23,36,30,25,34,3,0,Moderate
Maharashtra,Akola,"LRT Commerce College, Civil Lines, Akola",700,RIRuO,NA,104,6,13,9,7,10,1,0,Low
Maharashtra,Akola,"MIDC Water Work, Phash-II, MIDC Akola",701,RIRuO,NA,102,6,16,12,9,14,2,0,Low
Maharashtra,Akola,"College Of Engineering & Tech, Akola",702,RIRuO,NA,99,8,14,10,9,12,1,0,Low
Maharashtra,Nanded,Ganesh Nagar,703,RIRuO,NA,104,9,29,18,10,23,5,0,Low
Maharashtra,Nanded,"Mutha Chowk, Vazirabad",704,RIRuO,NA,104,6,41,24,9,33,8,0,Moderate
Maharashtra,Nanded,"Industrial Area, MIDC, CIDCO",705,RIRuO,NA,105,9,78,49,9,63,18,0,High
Meghalaya,Byrnihat,"EPIP, Ri-Bhoi district",568,RIRuO,NA,83,11,38,20,13,26,6,0,Low
Meghalaya,Dawki,"Terrace building,Jaintia Hills District",588,RIRuO,NA,87,5,16,8,5,13,3,0,Low
Meghalaya,Tura,"PHED, Araimille, West Garo Hills District",608,RIRuO,NA,79,5,5,5,5,5,0,0,Low
Meghalaya,Shillong,State Tuberculosis Hospital,340,ES,Hill station,87,5,27,16,13,20,3,0,Moderate
Meghalaya,Shillong,"Boards Office Permises, Lumpyngngad",120,ES,Hill station,87,5,12,5,5,6,1,0,Low
Mizoram,Aizawl,"Khatla, M.G-Road, Mizoram SPCB",450,ES,Hill station,94,5,24,8,5,13,4,0,Low
Mizoram,Aizawl,Laipuitlang,451,ES,Hill station,94,5,10,6,5,8,1,0,Low
Mizoram,Aizawl,Bawngkawn,452,ES,Hill station,94,5,17,8,5,11,2,0,Low
Mizoram,Aizawl,"Dawrpui Y.M.A, Building, Dawrpui",737,ES,Hill station,92,5,246,23,12,32,25,1,Moderate
Mizoram,Aizawl,"Lengpui Airport, Model Veng, Lengpui",738,ES,Hill station,100,5,7,5,5,5,0,0,Low
Mizoram,Lunglei,"Thangkhuma Building, Salem Veng",735,ES,Hill station,94,4,5,4,5,5,0,0,Low
Mizoram,Lunglei,"K.Lalliantluanga, Chanmari I, Lunglei",736,ES,Hill station,83,5,8,5,5,8,1,0,Low
Mizoram,Kolasib,"H. Lalthuama Building, Project Veng",733,ES,Hill station,100,5,9,5,5,6,1,0,Low
Mizoram,Kolasib,"Synod Bookroom, Building Diakkawn",734,ES,Hill station,98,5,8,5,5,5,1,0,Low
Mizoram,Champhai,"D.T.O Office Building, Kahrawt veng",731,ES,Hill station,103,5,7,5,5,5,0,0,Low
Mizoram,Champhai,"Lalzidinga building,  Vengthlang",732,ES,Hill station,100,5,10,5,5,5,1,0,Low
Nagaland,Dimapur,Bank Colony,317,RIRuO,NA,76,5,22,6,5,7,2,0,Low
Nagaland,Dimapur,Dhobinala,448,RIRuO,NA,63,5,19,8,5,14,4,0,Low
Nagaland,Kohima,Opposite NST Office,609,ES,Hill station,83,5,11,5,5,5,1,0,Low
Nagaland,Kohima,Opposite War Cemetery,610,ES,Hill station,80,5,7,5,5,6,1,0,Low
Orissa,Angul,Industrial Estate,70,RIRuO,NA,103,16,24,20,18,23,2,0,Low
Orissa,Angul,NALCO Township,231,RIRuO,NA,103,14,23,19,15,21,2,0,Low
Orissa,Balasore ,Sahadevkhunta,428,RIRuO,NA,105,10,14,12,11,13,1,0,Low
Orissa,Balasore ,DIC office,689,RIRuO,NA,77,10,13,12,11,13,1,0,Low
Orissa,Balasore ,Rasalpur near Balgopalpur I/A,690,RIRuO,NA,24,14,25,18,15,22,3,0,Null
Orissa,Berhampur,Regional Office Orissa SPCB,429,RIRuO,NA,107,14,37,18,15,25,4,0,Low
Orissa,Bhubneshwar,Capital Police Station,424,RIRuO,NA,93,8,36,19,12,26,6,0,Low
Orissa,Bhubneshwar,IRC Village,423,RIRuO,NA,100,8,36,19,12,29,7,0,Low
Orissa,Bhubneshwar,SPCB Building,322,RIRuO,NA,91,5,45,18,11,29,8,0,Low
Orissa,Bhubneshwar,"Water works, Palasuni, Rasalgarh",687,RIRuO,NA,96,6,39,20,14,29,6,0,Low
Orissa,Bhubneshwar,"Patrapara, Khandagiri",686,RIRuO,NA,91,5,37,16,6,25,8,0,Low
Orissa,Cuttack,"Roof of Traffic Tower, Badambadi",426,RIRuO,NA,63,13,25,19,16,22,3,0,Low
Orissa,Cuttack,"R.O. Cuttack Office, Surya Vihar",425,RIRuO,NA,36,11,18,15,13,17,2,0,Null
Orissa,Rayagada,Regional Office Orissa SPCB,228,RIRuO,NA,104,14,26,21,20,23,2,0,Moderate
Orissa,Rayagada,"LPS High School, Jaykaypur",229,RIRuO,NA,104,12,58,23,19,25,4,0,Moderate
Orissa,Rourkela,"Regional Office, ORPB",370,RIRuO,NA,105,9,24,11,10,13,2,0,Low
Orissa,Rourkela,"IDL Police Out-post, Sonaparbat",227,RIRuO,NA,105,10,13,10,10,11,1,0,Low
Orissa,Sambalpur,"Filter Plant, PHD Office, Modipara",427,RIRuO,NA,112,11,18,15,13,17,1,0,Low
Orissa,Talcher,Coal Field Area,471,RIRuO,NA,47,15,22,19,17,22,2,0,Null
Orissa,Talcher,T.T.P.S.Colony,68,RIRuO,NA,103,12,24,19,15,22,3,0,Low
Orissa,Kalinga Nagar,Over the Guest House of M/s NINL,684,RIRuO,NA,8,5,12,9,6,11,2,0,Null
Punjab,Amritsar,R.O. Focal Point,487,RIRuO,NA,22,34,40,37,36,39,1,0,Null
Punjab,Amritsar,"A-1,Platers",486,RIRuO,NA,41,35,47,40,36,44,3,0,Null
Punjab,Dera Bassi,"Punjab Chem and Crop Protection, Bhanakarpur Rd",504,RIRuO,NA,125,15,83,29,19,39,9,1,Moderate
Punjab,Dera Bassi,"Winsome Yarns Ltd., Barwala Road",505,RIRuO,NA,107,15,54,27,17,38,8,0,Moderate
Punjab,Pathankot/Dera Baba,C-PYTE Building,590,RIRuO,NA,102,8,19,12,11,14,2,0,Low
Punjab,Gobindgarh,"Modi Oil and General Mills, Mandi",302,RIRuO,NA,130,23,44,34,29,42,5,0,Moderate
Punjab,Gobindgarh,"Raj Steel Rolling Mills, Mandi",301,RIRuO,NA,132,26,61,35,30,42,5,0,Moderate
Punjab,Gobindgarh,"United Rolling Mills, Mandi Gobindgarh",483,RIRuO,NA,132,25,53,36,30,43,6,0,Moderate
Punjab,Jalandhar,Municipal Council Tubewell No. 27,353,RIRuO,NA,51,21,35,26,24,32,3,0,Moderate
Punjab,Jalandhar,Regional Office,176,RIRuO,NA,86,20,30,25,23,27,2,0,Moderate
Punjab,Jalandhar,Focal Point,392,RIRuO,NA,54,22,35,30,27,33,3,0,Moderate
Punjab,Khanna,"Markfed Vanaspati, Khanna",485,RIRuO,NA,55,17,34,27,19,19,5,0,Moderate
Punjab,Khanna,"AS School, Khanna",484,RIRuO,NA,50,15,94,25,19,31,11,2,Moderate
Punjab,Ludhiana,Bharat Nagar Chowk,422,RIRuO,NA,107,21,34,29,27,32,2,0,Moderate
Punjab,Ludhiana,"Nahar Spining Mlls, Dholewal Chawk",76,RIRuO,NA,109,20,41,29,25,33,4,0,Moderate
Punjab,Ludhiana,"Ludhiana Coop. Milk Producer, Ferozpur Rd",61,RIRuO,NA,117,7,33,20,9,28,7,0,Low
Punjab,Ludhiana,"PPCB Office Building, Vishavkarma Chowk",335,RIRuO,NA,136,16,44,29,25,34,4,0,Moderate
Punjab,Naya Nangal, Punjab Alkalis & Chemicals Ltd,420,RIRuO,NA,89,8,43,20,13,30,7,0,Low
Punjab,Naya Nangal,"M/s NFL Guest House,Naya Nangal",421,RIRuO,NA,87,9,42,19,13,29,7,0,Low
Punjab,Patiala,"Ceylon Industries, Factory Area, Patiala",600,RIRuO,NA,95,12,30,4,19,0,0,15,Low
Punjab,Patiala,"Fire Brigade Station, Bahera Road, Patiala",599,RIRuO,NA,122,10,44,22,15,32,7,0,Moderate
Puducherry,Puducherry,"DSTC Office Upstairs, AnnaNagar",64,RIRuO,NA,93,11,29,14,16,12,2,0,Low
Puducherry,Puducherry,PIPDIC Ind. Estate Mettupalayam,93,RIRuO,NA,43,12,18,15,17,13,1,0,Null
Puducherry,Puducherry,Chamber Of Commerce,337,RIRuO,NA,89,7,15,12,14,11,2,0,Low
Rajasthan,Alwar, Rajasthan State Pollution Control Board,372,ES,Aravali range,100,14,33,21,18,24,3,0,Moderate
Rajasthan,Alwar,Gaurav Solvex Ltd. MIA,373,ES,Aravali range,95,18,33,24,21,26,2,0,Moderate
Rajasthan,Alwar,"RIICO Pump House,  MIA",219,ES,Aravali range,105,17,33,23,20,25,2,0,Moderate
Rajasthan,Jaipur,Ajmeri Gate,296,RIRuO,NA,98,37,173,54,42,63,14,1,High
Rajasthan,Jaipur,"RJPB Office,Jhalana Doongari",298,RIRuO,NA,101,35,61,47,37,55,7,0,High
Rajasthan,Jaipur,"District Education Officer, Chandpole",408,RIRuO,NA,98,35,277,54,42,61,24,1,High
Rajasthan,Jaipur,"RIICO Office, M.I.A.",410,RIRuO,NA,98,33,60,48,37,57,7,0,High
Rajasthan,Jaipur,"RSPCB, Vidyadhar Nagar",409,RIRuO,NA,95,40,69,55,41,64,8,0,High
Rajasthan,Jaipur,VKIA,297,RIRuO,NA,96,37,68,53,41,63,8,0,High
Rajasthan,Jodhpur,"DIC Office, Industrial Estate",413,RIRuO,NA,101,12,42,23,17,31,5,0,Moderate
Rajasthan,Jodhpur,Sojati Gate,273,RIRuO,NA,100,13,41,26,17,32,6,0,Moderate
Rajasthan,Jodhpur,"Basni Industrial Area, RIICO Office",274,RIRuO,NA,96,13,36,22,17,28,5,0,Moderate
Rajasthan,Jodhpur,Maha Mandir Police Thane,376,RIRuO,NA,104,14,53,23,18,29,6,0,Moderate
Rajasthan,Jodhpur,"Office of Housing Board, Chopasani Road",411,RIRuO,NA,98,15,53,23,17,30,6,0,Moderate
Rajasthan,Jodhpur,Shastri Nagar Police Thana,412,RIRuO,NA,102,16,59,26,18,35,8,0,Moderate
Rajasthan,Kota,"Regional Office, RJPB, Anantpura",17,RIRuO,NA,105,13,93,34,17,55,15,1,Moderate
Rajasthan,Kota,Municipal Corporation Building,326,RIRuO,NA,102,15,132,31,18,54,17,1,Moderate
Rajasthan,Kota,Samcore Glass Ltd.,325,RIRuO,NA,104,16,128,31,18,52,16,1,Moderate
Rajasthan,Udaipur,Ambamata,320,RIRuO,NA,102,17,36,22,19,24,2,0,Moderate
Rajasthan,Udaipur,Town Hall,294,RIRuO,NA,104,22,39,35,33,37,2,0,Moderate
Rajasthan,Udaipur,"Regional Office,MIA",321,RIRuO,NA,104,21,39,36,34,38,2,0,Moderate
Tamilnadu,Chennai,"Kathivakkam, Municipal Kalyana Mandapam",38,RIRuO,NA,93,16,46,25,17,37,8,0,Moderate
Tamilnadu,Chennai," Govt. High School, Manali",71,RIRuO,NA,98,14,36,23,17,31,5,0,Moderate
Tamilnadu,Chennai,Thiruvottiyur,72,RIRuO,NA,91,13,51,23,17,30,6,0,Moderate
Tamilnadu,Chennai,Madras Medical College,159,RIRuO,NA,95,5,36,18,12,27,6,0,Low
Tamilnadu,Chennai,"NEERI, CSIR CampusTaramani",160,RIRuO,NA,94,7,117,16,9,21,12,1,Low
Tamilnadu,Chennai,Thiruvottiyur Municipal Office,161,RIRuO,NA,95,7,36,19,12,26,5,0,Low
Tamilnadu,Coimbatore,"Poniarajapuram, On the top of DEL",375,RIRuO,NA,76,14,65,27,16,41,10,0,Moderate
Tamilnadu,Coimbatore,G.D.Matric Hr.Sec.School,238,RIRuO,NA,97,13,75,28,17,43,11,0,Moderate
Tamilnadu,Coimbatore,"SIDCO Office, Coimbatore/ Kurichi",237,RIRuO,NA,93,12,43,26,18,36,7,0,Moderate
Tamilnadu,Madurai,Highway (Project -I) Building,306,RIRuO,NA,98,18,105,45,13,30,63,1,High
Tamilnadu,Madurai,Fenner (I) Ltd.  Kochadai ,307,RIRuO,NA,103,17,62,24,20,26,6,0,Moderate
Tamilnadu,Madurai,Kunnathur Chatram Avvai Girls HS School,308,RIRuO,NA,88,16,38,22,20,25,3,0,Moderate
Tamilnadu,Salem,Sowdeswari College Building,309,RIRuO,NA,135,13,33,22,18,27,3,0,Moderate
Tamilnadu,Tuticorin,"Fisheries College, Tuticorin Sipcot",239,RIRuO,NA,100,9,43,15,10,21,5,0,Low
Tamilnadu,Tuticorin,Raja Agencies,240,RIRuO,NA,99,9,36,14,10,20,6,0,Low
Tamilnadu,Tuticorin,AVM Jewellery Building,366,RIRuO,NA,94,9,48,14,9,20,5,0,Low
Tamilnadu,Trichy,Gandhi Market,769,RIRuO,NA,31,14,53,19,16,20,7,0,Null
Tamilnadu,Trichy,Main Guard Gate,770,RIRuO,NA,26,14,20,17,15,19,1,0,Null
Tamilnadu,Trichy,Bishop Heber College,771,RIRuO,NA,33,12,16,14,13,16,1,0,Null
Tamilnadu,Trichy,Golden Rock,772,RIRuO,NA,28,11,17,15,12,17,2,0,Null
Tamilnadu,Trichy,Central Bus Stand,773,RIRuO,NA,30,15,23,18,17,20,2,0,Null
Uttar Pradesh,Agra,"Regional Office, Bodla",323,ES,Taj-trapezium ,68,12,23,18,16,21,2,0,Moderate
Uttar Pradesh,Agra,Nunhai,324,ES,Taj-trapezium ,66,12,32,23,19,28,4,0,Moderate
Uttar Pradesh,Agra,Taj Mahal,1,ES,Taj-trapezium ,285,5,68,17,5,34,12,0,Moderate
Uttar Pradesh,Agra,DIC Nunhai,415,ES,Taj-trapezium ,116,10,66,34,21,48,11,0,High
Uttar Pradesh,Agra,Etmad-uddaulah,416,ES,Taj-trapezium ,126,7,56,22,10,35,10,0,Moderate
Uttar Pradesh,Agra,Rambagh,417,ES,Taj-trapezium ,124,5,58,24,12,41,11,0,Moderate
Uttar Pradesh,Allahabad,Square crossing circle of Laxmi Talkies,554,RIRuO,NA,107,21,74,34,26,45,9,0,Moderate
Uttar Pradesh,Allahabad,Bharat Yantra Nigam Ltd,555,RIRuO,NA,99,16,49,29,22,38,6,0,Moderate
Uttar Pradesh,Anpara,"Anpara Colony, Sonabhadra",6,RIRuO,NA,93,17,32,27,22,31,3,0,Moderate
Uttar Pradesh,Anpara,"Renusagar Colony, Sonabhadra",7,RIRuO,NA,93,18,592,34,24,31,59,3,Moderate
Uttar Pradesh,Bareily,IVRI Izatnaga,714,RIRuO,NA,77,14,45,22,17,26,4,0,Moderate
Uttar Pradesh,Bareily,"Indian oetrol pump, Civil Line",715,RIRuO,NA,72,12,34,25,22,30,4,0,Moderate
Uttar Pradesh,Firozabad,Center for Development of Glass Industry,399,ES,Taj-trapezium ,90,18,42,32,22,37,6,0,High
Uttar Pradesh,Firozabad,Tilak Nagar,400,ES,Taj-trapezium ,96,16,39,29,21,35,5,0,Moderate
Uttar Pradesh,Firozabad,Raza ka Tal,401,ES,Taj-trapezium ,96,19,40,31,21,36,6,0,High
Uttar Pradesh,Gajraula,"Raunaq Auto Ltd, J.P. Nagar",140,RIRuO,NA,99,11,43,27,22,33,5,0,Moderate
Uttar Pradesh,Gajraula,"Indira Chowk, J.P. Nagar",139,RIRuO,NA,100,14,66,31,23,39,7,0,Moderate
Uttar Pradesh,Ghaziabad,"Atlas Cycles Industries, Sahibabad Ind. area",258,RIRuO,NA,103,25,44,34,28,41,6,0,Moderate
Uttar Pradesh,Ghaziabad,Bulandshaar Road Industrial Area,369,RIRuO,NA,99,26,44,34,28,40,5,0,Moderate
Uttar Pradesh,Jhansi,Manik Chawk / Jal chauraha,517,RIRuO,NA,110,16,29,23,18,28,4,0,Moderate
Uttar Pradesh,Jhansi,Veeranga Nagar,518,RIRuO,NA,110,12,28,19,14,23,3,0,Low
Uttar Pradesh,Kanpur,"Forest & Training Centre, Kidwai Nagar",212,RIRuO,NA,81,29,55,41,36,48,5,0,High
Uttar Pradesh,Kanpur,Chamber Of Commerce Darshanpurwa,98,RIRuO,NA,76,24,50,38,29,45,6,0,Moderate
Uttar Pradesh,Kanpur,"Associated Chem Pvt Ltd, Fazalganj, Panki, Site-5",86,RIRuO,NA,79,28,49,39,33,45,5,0,Moderate
Uttar Pradesh,Kanpur,Dabauli / Shastri NGR,391,RIRuO,NA,64,21,47,37,30,44,6,0,Moderate
Uttar Pradesh,Kanpur,Jajmau / Awas Vikas,395,RIRuO,NA,68,20,49,38,29,45,6,0,Moderate
Uttar Pradesh,Kanpur,"I.I.T. Campus, Kanpur",721,RIRuO,NA,101,2,36,10,4,19,7,0,Low
Uttar Pradesh,Kanpur,"Dada Nagar, Kanpur",722,RIRuO,NA,78,15,71,38,22,56,13,0,Moderate
Uttar Pradesh,Kanpur,"Ramadevi, Kanpur",723,RIRuO,NA,94,5,75,31,12,53,16,0,Moderate
Uttar Pradesh,Khurja,Central Glass & Ceramic Research Institute,534,RIRuO,NA,84,20,31,28,25,30,2,0,Moderate
Uttar Pradesh,Khurja,Ahirpara,535,RIRuO,NA,83,18,28,23,21,24,2,0,Moderate
Uttar Pradesh,Lucknow,Mahanagar,377,RIRuO,NA,107,24,36,31,28,34,2,0,Moderate
Uttar Pradesh,Lucknow,"Chandganj Garden, Aliganj",398,RIRuO,NA,108,23,39,32,30,34,2,0,Moderate
Uttar Pradesh,Lucknow,"Kapoor Hotel, Hazratganj",109,RIRuO,NA,105,18,37,31,28,34,3,0,Moderate
Uttar Pradesh,Lucknow,Talkatora,113,RIRuO,NA,105,26,41,33,30,36,3,0,Moderate
Uttar Pradesh,Lucknow,Aminabad / S.M.K Chowk,397,RIRuO,NA,108,20,37,32,29,34,2,0,Moderate
Uttar Pradesh,Meerut,Begum Bridge,550,RIRuO,NA,64,34,50,43,38,47,4,0,High
Uttar Pradesh,Meerut,Thana Railway Road / Kesarganj,551,RIRuO,NA,64,32,48,42,34,47,5,0,High
Uttar Pradesh,Moradabad,"Hindu College, Station Road ",712,RIRuO,NA,103,10,42,26,17,35,7,0,Moderate
Uttar Pradesh,Moradabad,"Central Police Hospital, Civil Lines",713,RIRuO,NA,101,7,34,20,14,30,6,0,Low
Uttar Pradesh,Noida,"UP PPCB, E-12/1, Sector - 1",403,RIRuO,NA,83,16,73,33,24,43,9,0,Moderate
Uttar Pradesh,Noida,Gee-Pee Electroplating and Eng. Work,378,RIRuO,NA,79,14,58,37,28,45,8,0,Moderate
Uttar Pradesh,Varanasi,"Regional Office, Jawahar Nagar",362,RIRuO,NA,71,19,25,21,1,20,22,0,Moderate
Uttar Pradesh,Varanasi,Sigra,553,RIRuO,NA,76,19,26,22,21,23,1,0,Moderate
Uttar Pradesh,Unnao,"H. No. 5, Krishna Nagar, Unnao",726,RIRuO,NA,57,25,35,30,26,34,3,0,Moderate
Uttar Pradesh,Unnao,"IIA Building, Industrial Area, Site 10, Unnao",727,RIRuO,NA,56,28,40,34,31,38,3,0,Moderate
Uttar Pradesh,Saharanpur,"SRE-A, IIT Roorkee, Saharanpur Campus",716,RIRuO,NA,102,17,37,28,20,34,5,0,Moderate
Uttar Pradesh,Saharanpur,"UPCL S.E. Office, Near Clock Tower",717,RIRuO,NA,102,18,48,31,22,38,7,0,Moderate
Uttar Pradesh,Raebareli,"Town Hall Colony, Ahmad Nagar, Gulab Road",718,RIRuO,NA,67,10,16,15,13,16,1,0,Low
Uttar Pradesh,Raebareli,Khoya mandi Tiraha Lucknow Road Raebareli,719,RIRuO,NA,67,14,20,17,15,19,1,0,Low
Uttar Pradesh,Raebareli,Amawan Road Ind. Area Raebareli,720,RIRuO,NA,67,11,17,15,14,16,1,0,Low
Uttar Pradesh,Mathura,"RO. UPPCB, 65 Baldevpuri, Maholi Road",724,RIRuO,NA,19,23,32,28,25,31,3,0,Null
Uttar Pradesh,Mathura,"CETP, Industrial Area, Mathura",725,RIRuO,NA,15,25,36,30,25,34,4,0,Null
Uttar Pradesh,Gorakpur,"M. M.M. Engineering College, Gorakhpur",728,RIRuO,NA,73,11,47,23,17,32,7,0,Moderate
Uttar Pradesh,Gorakpur,"India Glycol Ltd. Gida, Gorakhpur",729,RIRuO,NA,88,29,94,47,32,65,16,7,High
Uttar Pradesh,Gorakpur,"Jalkal, Muncipal Corporation, Golghar",730,RIRuO,NA,88,20,62,36,27,48,9,0,Moderate
Uttarakhand,Dehradun,"Raipur Road, Near parag Diary",90,ES,Doon valley ,55,22,33,28,24,31,3,0,Moderate
Uttarakhand,Dehradun,"Clock Tower, PWD Guest House",89,ES,Doon valley ,61,23,33,29,26,31,2,0,Moderate
Uttarakhand,Dehradun,Himalaya Drug Co. Near ISBT,637,ES,Doon valley ,52,23,33,28,25,30,2,0,Moderate
Uttarakhand,Haldwani,Govt. Women Hospital,625,RIRuO,NA,Null,Null,Null,Null,Null,Null,Null,Null,Null
Uttarakhand,Haridwar,"SIDCUL, Haridwar",635,RIRuO,NA,37,27,101,32,28,32,12,3,Null
Uttarakhand,Kashipur,"BSNL Office, Kashipur ",627,RIRuO,NA,Null,Null,Null,Null,Null,Null,Null,Null,Null
Uttarakhand,Rishikesh,Nagar Palika Parishad,636,ES,Hill station,75,22,27,24,23,26,1,0,Moderate
Uttarakhand,Rudrapur,SIDCUL Office,626,RIRuO,NA,Null,Null,Null,Null,Null,Null,Null,Null,Null
West Bengal,Asansol,Asansol Municipal Corporation,386,RIRuO,NA,24,37,54,48,44,52,4,0,Null
West Bengal,Asansol,"Kangsabati Spinning Mill, Barjora",593,RIRuO,NA,26,17,35,27,20,33,5,0,Null
West Bengal,Barrackpore,Barrackpore Municiaplity ,655,RIRuO,NA,25,43,55,48,46,52,3,0,Null
West Bengal,Durgapur,"Bidhannagar, PCBL Club, Muchipara",385,RIRuO,NA,25,45,53,48,45,51,2,0,Null
West Bengal,Haldia,WBIIDC Ruchi Soya Ind. Durgachak,14,RIRuO,NA,26,25,62,41,29,51,10,0,Null
West Bengal,Howrah,"CDS & Health Centre, Bator",11,RIRuO,NA,26,17,55,40,30,51,9,0,Null
West Bengal,Kolkata,"Salt Lake, Rooftop of CK Market ",474,RIRuO,NA,69,5,82,37,12,73,24,3,Moderate
West Bengal,Kolkata,"Moulali, Rooftop of KMC office Building ",473,RIRuO,NA,28,40,112,75,50,90,18,50,Null
West Bengal,Kolkata,"Minto Park, Inside Park AJC Bose Road",475,RIRuO,NA,61,19,86,48,25,75,19,5,High
West Bengal,Kolkata,"Dunlop Bridge, National Sample Survey",472,RIRuO,NA,80,10,100,54,18,86,26,23,High
West Bengal,Kolkata,"Behala Chowrasta, Traffic Guard Building ",476,RIRuO,NA,28,39,102,69,45,85,17,25,Null
West Bengal,Kolkata,"Baishnabghata, Upanagari Sporting Club",477,RIRuO,NA,28,32,85,61,37,76,15,7,Null
West Bengal,Kolkata,"Cossipore Police Station, B.T. Road",162,RIRuO,NA,97,5,217,108,60,158,43,68,Critical
West Bengal,Kolkata,"Dalhousie Square, Lal Bazzar Police Headqtr.",163,RIRuO,NA,59,25,169,87,44,141,36,47,Critical
West Bengal,Kolkata,Kasba,348,RIRuO,NA,36,30,146,86,49,136,33,53,Null
West Bengal,Raniganj,Jamuria Municipality ,661,RIRuO,NA,24,11,53,45,37,52,9,0,Null
West Bengal,South Suburban,"Bauipur Police Station, Baruipur ",650,RIRuO,NA,28,28,90,59,33,76,17,11,Null
West Bengal,South Suburban,"P Roy Industrial Training Institute, Amtala",651,RIRuO,NA,29,28,88,60,38,74,15,7,Null
